job_id,title,created,keyword,skills
5370473744,Head of Data Science & AI,2025-08-27T13:54:20,data science,CloudZero
5377378366,Manager Data Science,2025-09-01T05:09:31,data science,AWS
5377378366,Manager Data Science,2025-09-01T05:09:31,data science,Python
5377378366,Manager Data Science,2025-09-01T05:09:31,data science,Docker
5377378366,Manager Data Science,2025-09-01T05:09:31,data science,statistical modeling
5377378366,Manager Data Science,2025-09-01T05:09:31,data science,relational database
5377612498,Manager Data Science,2025-09-01T08:00:59,data science,There are no relevant technical tools
5377612498,Manager Data Science,2025-09-01T08:00:59,data science,programming languages
5377612498,Manager Data Science,2025-09-01T08:00:59,data science,or software in the provided list.
5377612540,Manager Data Science,2025-09-01T08:00:59,data science,There are no relevant technical tools
5377612540,Manager Data Science,2025-09-01T08:00:59,data science,programming languages
5377612540,Manager Data Science,2025-09-01T08:00:59,data science,or software in the provided list.
5377378647,Manager Data Science,2025-09-01T05:09:33,data science,There are no specific technical tools
5377378647,Manager Data Science,2025-09-01T05:09:33,data science,programming languages
5377378647,Manager Data Science,2025-09-01T05:09:33,data science,or software mentioned in the provided list. The terms included are more related to job titles
5377378647,Manager Data Science,2025-09-01T05:09:33,data science,industries
5377378647,Manager Data Science,2025-09-01T05:09:33,data science,and vague concepts rather than specific technologies or programming languages.
5371979061,"Data Science Manager, Journeyman (USCG)",2025-08-28T14:02:19,data science,The provided text does not contain any specific names of technical tools
5371979061,"Data Science Manager, Journeyman (USCG)",2025-08-28T14:02:19,data science,programming languages
5371979061,"Data Science Manager, Journeyman (USCG)",2025-08-28T14:02:19,data science,or software relevant to jobs. It primarily describes a job role and responsibilities without mentioning any specific technologies or programming languages. Therefore
5371979061,"Data Science Manager, Journeyman (USCG)",2025-08-28T14:02:19,data science,there are no relevant names to extract.
5377610458,"Senior Manager, Data Science",2025-09-01T08:00:47,data science,There are no relevant technical tools
5377610458,"Senior Manager, Data Science",2025-09-01T08:00:47,data science,programming languages
5377610458,"Senior Manager, Data Science",2025-09-01T08:00:47,data science,or software mentioned in the provided list.
5377612981,"Senior Manager, Data Science",2025-09-01T08:01:02,data science,There are no specific technical tools
5377612981,"Senior Manager, Data Science",2025-09-01T08:01:02,data science,programming languages
5377612981,"Senior Manager, Data Science",2025-09-01T08:01:02,data science,or software mentioned in the provided list.
5379074621,NCU Instructor - Data Science (2025-0088),2025-09-01T23:22:16,data science,There are no relevant technical tools
5379074621,NCU Instructor - Data Science (2025-0088),2025-09-01T23:22:16,data science,programming languages
5379074621,NCU Instructor - Data Science (2025-0088),2025-09-01T23:22:16,data science,or software mentioned in the provided text.
5377609347,"Director, Data Science - Model Risk",2025-09-01T08:00:40,data science,There are no relevant technical tools
5377609347,"Director, Data Science - Model Risk",2025-09-01T08:00:40,data science,programming languages
5377609347,"Director, Data Science - Model Risk",2025-09-01T08:00:40,data science,or software in the provided list.
5377605291,"Director, Data Science - Model Risk",2025-09-01T08:00:13,data science,There are no relevant technical tools
5377605291,"Director, Data Science - Model Risk",2025-09-01T08:00:13,data science,programming languages
5377605291,"Director, Data Science - Model Risk",2025-09-01T08:00:13,data science,or software in the provided list.
5377612708,"Director, Data Science - Model Risk",2025-09-01T08:01:00,data science,There are no relevant technical tools
5377612708,"Director, Data Science - Model Risk",2025-09-01T08:01:00,data science,programming languages
5377612708,"Director, Data Science - Model Risk",2025-09-01T08:01:00,data science,or software in the provided list.
5377380579,"Manager, Data Science - Financial Services",2025-09-01T05:09:46,data science,There are no relevant technical tools
5377380579,"Manager, Data Science - Financial Services",2025-09-01T05:09:46,data science,programming languages
5377380579,"Manager, Data Science - Financial Services",2025-09-01T05:09:46,data science,or software in the provided list.
5377378836,"Senior Manager, Data Science",2025-09-01T05:09:34,data science,There are no relevant technical tools
5377378836,"Senior Manager, Data Science",2025-09-01T05:09:34,data science,programming languages
5377378836,"Senior Manager, Data Science",2025-09-01T05:09:34,data science,or software mentioned in the provided list.
5374402291,Data Science Analyst,2025-08-29T17:41:25,data science,AWS
5374402291,Data Science Analyst,2025-08-29T17:41:25,data science,Python
5374402291,Data Science Analyst,2025-08-29T17:41:25,data science,Docker
5374402291,Data Science Analyst,2025-08-29T17:41:25,data science,AI
5374402291,Data Science Analyst,2025-08-29T17:41:25,data science,analytics
5374453640,Data Science Analyst,2025-08-29T17:53:26,data science,AWS
5374453640,Data Science Analyst,2025-08-29T17:53:26,data science,Python
5374453640,Data Science Analyst,2025-08-29T17:53:26,data science,Docker
5374453640,Data Science Analyst,2025-08-29T17:53:26,data science,AI
5374453640,Data Science Analyst,2025-08-29T17:53:26,data science,analytics
5374453640,Data Science Analyst,2025-08-29T17:53:26,data science,intelligent automation
5374384020,Data Science Analyst,2025-08-29T17:36:28,data science,AWS
5374384020,Data Science Analyst,2025-08-29T17:36:28,data science,Python
5374384020,Data Science Analyst,2025-08-29T17:36:28,data science,Docker
5374384020,Data Science Analyst,2025-08-29T17:36:28,data science,AI
5374384020,Data Science Analyst,2025-08-29T17:36:28,data science,analytics
5374384020,Data Science Analyst,2025-08-29T17:36:28,data science,intelligent automation
5375738170,Data Science Specialist,2025-08-30T17:35:08,data science,The provided list does not contain any specific technical tools
5375738170,Data Science Specialist,2025-08-30T17:35:08,data science,programming languages
5375738170,Data Science Specialist,2025-08-30T17:35:08,data science,or software relevant to jobs. Therefore
5375738170,Data Science Specialist,2025-08-30T17:35:08,data science,there are no names to extract.
5376238486,"Distinguished, Data Science",2025-08-31T08:09:33,data science,AWS
5376238486,"Distinguished, Data Science",2025-08-31T08:09:33,data science,Python
5376238486,"Distinguished, Data Science",2025-08-31T08:09:33,data science,Docker
5376238486,"Distinguished, Data Science",2025-08-31T08:09:33,data science,AI
5376238486,"Distinguished, Data Science",2025-08-31T08:09:33,data science,LLM
5377379511,"Director, Data Science - Model Risk",2025-09-01T05:09:39,data science,There are no relevant technical tools
5377379511,"Director, Data Science - Model Risk",2025-09-01T05:09:39,data science,programming languages
5377379511,"Director, Data Science - Model Risk",2025-09-01T05:09:39,data science,or software mentioned in the provided list.
5377378652,"Director, Data Science - Model Risk",2025-09-01T05:09:33,data science,There are no relevant technical tools
5377378652,"Director, Data Science - Model Risk",2025-09-01T05:09:33,data science,programming languages
5377378652,"Director, Data Science - Model Risk",2025-09-01T05:09:33,data science,or software in the provided list.
5377378658,"Manager, Data Science - GenAI Digital Assistant",2025-09-01T05:09:33,data science,There are no specific technical tools
5377378658,"Manager, Data Science - GenAI Digital Assistant",2025-09-01T05:09:33,data science,programming languages
5377378658,"Manager, Data Science - GenAI Digital Assistant",2025-09-01T05:09:33,data science,or software mentioned in the provided list.
5377379387,"Principal Associate, Data Science - Financial Services",2025-09-01T05:09:38,data science,There are no relevant technical tools
5377379387,"Principal Associate, Data Science - Financial Services",2025-09-01T05:09:38,data science,programming languages
5377379387,"Principal Associate, Data Science - Financial Services",2025-09-01T05:09:38,data science,or software mentioned in the provided list.
4291581489,Staff Data Scientist,2025-08-27T04:30:13,data science,Cint
4291581489,Staff Data Scientist,2025-08-27T04:30:13,data science,Python
4291581489,Staff Data Scientist,2025-08-27T04:30:13,data science,SQL
4291581489,Staff Data Scientist,2025-08-27T04:30:13,data science,Spark
4291581489,Staff Data Scientist,2025-08-27T04:30:13,data science,Hadoop
4291581489,Staff Data Scientist,2025-08-27T04:30:13,data science,Databricks
4291581489,Staff Data Scientist,2025-08-27T04:30:13,data science,machine learning
4291581489,Staff Data Scientist,2025-08-27T04:30:13,data science,statistical models
4291581489,Staff Data Scientist,2025-08-27T04:30:13,data science,advanced statistical techniques
4291581489,Staff Data Scientist,2025-08-27T04:30:13,data science,scikit-learn
4288312737,Data Analyst 70-87K DOE,2025-08-18T14:34:50,data science,SQL
4288312737,Data Analyst 70-87K DOE,2025-08-18T14:34:50,data science,Snowflake
4288312737,Data Analyst 70-87K DOE,2025-08-18T14:34:50,data science,Supabase
4288312737,Data Analyst 70-87K DOE,2025-08-18T14:34:50,data science,Sigma
4288312737,Data Analyst 70-87K DOE,2025-08-18T14:34:50,data science,Tableau
4288312737,Data Analyst 70-87K DOE,2025-08-18T14:34:50,data science,Power BI
4288312737,Data Analyst 70-87K DOE,2025-08-18T14:34:50,data science,Salesforce
4288312737,Data Analyst 70-87K DOE,2025-08-18T14:34:50,data science,Creatio
4288312737,Data Analyst 70-87K DOE,2025-08-18T14:34:50,data science,Hubspot
4288312737,Data Analyst 70-87K DOE,2025-08-18T14:34:50,data science,Python
4288312737,Data Analyst 70-87K DOE,2025-08-18T14:34:50,data science,Dagster
4288312737,Data Analyst 70-87K DOE,2025-08-18T14:34:50,data science,dbt
4292363428,Data Analyst - Entry Level,2025-08-28T10:03:53,data science,AWS
4292363428,Data Analyst - Entry Level,2025-08-28T10:03:53,data science,Python
4292363428,Data Analyst - Entry Level,2025-08-28T10:03:53,data science,Docker
4292363428,Data Analyst - Entry Level,2025-08-28T10:03:53,data science,Tableau
4292363428,Data Analyst - Entry Level,2025-08-28T10:03:53,data science,Power BI
4292363428,Data Analyst - Entry Level,2025-08-28T10:03:53,data science,ArcGIS
4292363428,Data Analyst - Entry Level,2025-08-28T10:03:53,data science,Looker
4292363428,Data Analyst - Entry Level,2025-08-28T10:03:53,data science,MicroStrategy
4292363428,Data Analyst - Entry Level,2025-08-28T10:03:53,data science,SQL
4292363428,Data Analyst - Entry Level,2025-08-28T10:03:53,data science,machine learning
4294068069,Data Analyst (Entry-Mid),2025-09-02T05:30:24,data science,AWS
4294068069,Data Analyst (Entry-Mid),2025-09-02T05:30:24,data science,Python
4294068069,Data Analyst (Entry-Mid),2025-09-02T05:30:24,data science,Docker
4294068069,Data Analyst (Entry-Mid),2025-09-02T05:30:24,data science,machine learning
4294068069,Data Analyst (Entry-Mid),2025-09-02T05:30:24,data science,data management
4294068069,Data Analyst (Entry-Mid),2025-09-02T05:30:24,data science,data transformation
4294068069,Data Analyst (Entry-Mid),2025-09-02T05:30:24,data science,statistical tools
4294068069,Data Analyst (Entry-Mid),2025-09-02T05:30:24,data science,ML applications
4294068069,Data Analyst (Entry-Mid),2025-09-02T05:30:24,data science,data visualization
4294068069,Data Analyst (Entry-Mid),2025-09-02T05:30:24,data science,Excel
4294068069,Data Analyst (Entry-Mid),2025-09-02T05:30:24,data science,Tableau
4294068069,Data Analyst (Entry-Mid),2025-09-02T05:30:24,data science,SQL
4294068069,Data Analyst (Entry-Mid),2025-09-02T05:30:24,data science,Predictive Analysis
4294068069,Data Analyst (Entry-Mid),2025-09-02T05:30:24,data science,data mining
4293610425,SAS Data Analyst,2025-09-03T06:24:31,data science,SQL
4293610425,SAS Data Analyst,2025-09-03T06:24:31,data science,SAS
4293632384,Data Analyst,2025-09-03T10:41:38,data science,Python
4293632384,Data Analyst,2025-09-03T10:41:38,data science,SQL
4293632384,Data Analyst,2025-09-03T10:41:38,data science,SQL Server
4293632384,Data Analyst,2025-09-03T10:41:38,data science,Pandas
4293632384,Data Analyst,2025-09-03T10:41:38,data science,Polars
4293632384,Data Analyst,2025-09-03T10:41:38,data science,MS Excel
4293632384,Data Analyst,2025-09-03T10:41:38,data science,Power BI
4293632384,Data Analyst,2025-09-03T10:41:38,data science,Tableau
4293632384,Data Analyst,2025-09-03T10:41:38,data science,DataCamp
4294854812,Data Analyst,2025-09-03T11:20:01,data science,Python
4294854812,Data Analyst,2025-09-03T11:20:01,data science,R
4294854812,Data Analyst,2025-09-03T11:20:01,data science,SQL
4294854812,Data Analyst,2025-09-03T11:20:01,data science,Excel
4294854812,Data Analyst,2025-09-03T11:20:01,data science,Tableau
4294854812,Data Analyst,2025-09-03T11:20:01,data science,Power BI
4289267694,Data Reporting Analyst,2025-08-21T06:03:00,data science,Excel
4289267694,Data Reporting Analyst,2025-08-21T06:03:00,data science,BI tools
4289267694,Data Reporting Analyst,2025-08-21T06:03:00,data science,Tableau
4289267694,Data Reporting Analyst,2025-08-21T06:03:00,data science,SQL
4289267694,Data Reporting Analyst,2025-08-21T06:03:00,data science,ERP
4289267694,Data Reporting Analyst,2025-08-21T06:03:00,data science,NetSuite
4294838571,Data Analyst with E-commerce,2025-09-03T10:32:27,data science,AWS
4294838571,Data Analyst with E-commerce,2025-09-03T10:32:27,data science,Azure
4294838571,Data Analyst with E-commerce,2025-09-03T10:32:27,data science,GCP
4294838571,Data Analyst with E-commerce,2025-09-03T10:32:27,data science,SQL
4294838571,Data Analyst with E-commerce,2025-09-03T10:32:27,data science,ETL
4294838571,Data Analyst with E-commerce,2025-09-03T10:32:27,data science,ELT
4294838571,Data Analyst with E-commerce,2025-09-03T10:32:27,data science,AWS Redshift
4294838571,Data Analyst with E-commerce,2025-09-03T10:32:27,data science,Azure Synapse
4294838571,Data Analyst with E-commerce,2025-09-03T10:32:27,data science,Google BigQuery
4294838571,Data Analyst with E-commerce,2025-09-03T10:32:27,data science,Snowflake
4294838571,Data Analyst with E-commerce,2025-09-03T10:32:27,data science,Kafka
4294838571,Data Analyst with E-commerce,2025-09-03T10:32:27,data science,Kinesis
4294838571,Data Analyst with E-commerce,2025-09-03T10:32:27,data science,Spark Streaming
4292204774,Business Intelligence Architect,2025-09-01T08:33:37,data science,Power BI
4292204774,Business Intelligence Architect,2025-09-01T08:33:37,data science,Excel
4292204774,Business Intelligence Architect,2025-09-01T08:33:37,data science,SSIS
4292204774,Business Intelligence Architect,2025-09-01T08:33:37,data science,SSAS
4292204774,Business Intelligence Architect,2025-09-01T08:33:37,data science,SSRS
4292204774,Business Intelligence Architect,2025-09-01T08:33:37,data science,SQL
4283614043,Senior Data Analyst,2025-08-15T06:31:35,data science,AWS
4283614043,Senior Data Analyst,2025-08-15T06:31:35,data science,Python
4283614043,Senior Data Analyst,2025-08-15T06:31:35,data science,R
4283614043,Senior Data Analyst,2025-08-15T06:31:35,data science,Java
4283614043,Senior Data Analyst,2025-08-15T06:31:35,data science,SQL
4283614043,Senior Data Analyst,2025-08-15T06:31:35,data science,Tableau
4283614043,Senior Data Analyst,2025-08-15T06:31:35,data science,Power BI
4283614043,Senior Data Analyst,2025-08-15T06:31:35,data science,matplotlib
4283614043,Senior Data Analyst,2025-08-15T06:31:35,data science,Hadoop
4283614043,Senior Data Analyst,2025-08-15T06:31:35,data science,Spark
4286941822,Sr. Data Analyst | Full-Time | Corporate,2025-08-15T10:48:52,data science,AWS
4286941822,Sr. Data Analyst | Full-Time | Corporate,2025-08-15T10:48:52,data science,Python
4286941822,Sr. Data Analyst | Full-Time | Corporate,2025-08-15T10:48:52,data science,Docker
4286941822,Sr. Data Analyst | Full-Time | Corporate,2025-08-15T10:48:52,data science,R
4286941822,Sr. Data Analyst | Full-Time | Corporate,2025-08-15T10:48:52,data science,Azure
4286941822,Sr. Data Analyst | Full-Time | Corporate,2025-08-15T10:48:52,data science,Databricks
4294625083,Data Analyst,2025-09-02T11:00:34,data science,AWS
4294625083,Data Analyst,2025-09-02T11:00:34,data science,Python
4294625083,Data Analyst,2025-09-02T11:00:34,data science,Docker
4294625083,Data Analyst,2025-09-02T11:00:34,data science,data workflows
4294625083,Data Analyst,2025-09-02T11:00:34,data science,data management processes
4294625083,Data Analyst,2025-09-02T11:00:34,data science,modeling
4294625083,Data Analyst,2025-09-02T11:00:34,data science,mapping
4294625083,Data Analyst,2025-09-02T11:00:34,data science,data dictionaries
4294625083,Data Analyst,2025-09-02T11:00:34,data science,business requirement documents
4294625083,Data Analyst,2025-09-02T11:00:34,data science,visual data models
4294625083,Data Analyst,2025-09-02T11:00:34,data science,dashboards
4291637108,Data Analyst,2025-08-26T11:16:36,data science,R
4291637108,Data Analyst,2025-08-26T11:16:36,data science,Python
4291637108,Data Analyst,2025-08-26T11:16:36,data science,SQL
4293630286,Data and Product Analyst,2025-09-03T10:15:06,data science,AWS
4293630286,Data and Product Analyst,2025-09-03T10:15:06,data science,Salesforce
4293630286,Data and Product Analyst,2025-09-03T10:15:06,data science,Tableau
4293630286,Data and Product Analyst,2025-09-03T10:15:06,data science,Power BI
4293630286,Data and Product Analyst,2025-09-03T10:15:06,data science,Excel
4293630286,Data and Product Analyst,2025-09-03T10:15:06,data science,Python
4293630286,Data and Product Analyst,2025-09-03T10:15:06,data science,R
4293630286,Data and Product Analyst,2025-09-03T10:15:06,data science,SQL
4294647931,Machine Learning Engineer,2025-09-02T13:03:30,data science,Python
4294647931,Machine Learning Engineer,2025-09-02T13:03:30,data science,TensorFlow
4294647931,Machine Learning Engineer,2025-09-02T13:03:30,data science,PyTorch
4294647931,Machine Learning Engineer,2025-09-02T13:03:30,data science,LLMs
4192772885,Machine Learning Engineer,2025-03-27T12:54:52,data science,Python
4192772885,Machine Learning Engineer,2025-03-27T12:54:52,data science,Machine Learning
4192772885,Machine Learning Engineer,2025-03-27T12:54:52,data science,Upstart Machine Learning
4192772885,Machine Learning Engineer,2025-03-27T12:54:52,data science,algorithms
4192772885,Machine Learning Engineer,2025-03-27T12:54:52,data science,models
4192772885,Machine Learning Engineer,2025-03-27T12:54:52,data science,data engineering
4192772885,Machine Learning Engineer,2025-03-27T12:54:52,data science,machine learning platform
4294825457,MLOps / Machine Learning Infrastructure Engineer,2025-09-03T09:38:21,data science,Python
4294825457,MLOps / Machine Learning Infrastructure Engineer,2025-09-03T09:38:21,data science,MLflow
4294825457,MLOps / Machine Learning Infrastructure Engineer,2025-09-03T09:38:21,data science,Weights
4294825457,MLOps / Machine Learning Infrastructure Engineer,2025-09-03T09:38:21,data science,Biases
4293548984,Machine Learning Engineer (Required experience in Lidar/ Point cloud),2025-08-31T23:56:46,data science,Python
4293548984,Machine Learning Engineer (Required experience in Lidar/ Point cloud),2025-08-31T23:56:46,data science,PyTorch
4293548984,Machine Learning Engineer (Required experience in Lidar/ Point cloud),2025-08-31T23:56:46,data science,TensorFlow
4293548984,Machine Learning Engineer (Required experience in Lidar/ Point cloud),2025-08-31T23:56:46,data science,MLOps
4293548984,Machine Learning Engineer (Required experience in Lidar/ Point cloud),2025-08-31T23:56:46,data science,Kubeflow
4293548984,Machine Learning Engineer (Required experience in Lidar/ Point cloud),2025-08-31T23:56:46,data science,MLflow
4293548984,Machine Learning Engineer (Required experience in Lidar/ Point cloud),2025-08-31T23:56:46,data science,SageMaker
4293548984,Machine Learning Engineer (Required experience in Lidar/ Point cloud),2025-08-31T23:56:46,data science,AWS
4293548984,Machine Learning Engineer (Required experience in Lidar/ Point cloud),2025-08-31T23:56:46,data science,GCP
4293548984,Machine Learning Engineer (Required experience in Lidar/ Point cloud),2025-08-31T23:56:46,data science,Azure
4293548984,Machine Learning Engineer (Required experience in Lidar/ Point cloud),2025-08-31T23:56:46,data science,C++
4293548984,Machine Learning Engineer (Required experience in Lidar/ Point cloud),2025-08-31T23:56:46,data science,Rust
4293548984,Machine Learning Engineer (Required experience in Lidar/ Point cloud),2025-08-31T23:56:46,data science,RAG
4293548984,Machine Learning Engineer (Required experience in Lidar/ Point cloud),2025-08-31T23:56:46,data science,LLMs
4293548984,Machine Learning Engineer (Required experience in Lidar/ Point cloud),2025-08-31T23:56:46,data science,DINOv2
4294308298,Data & Analytics Intern,2025-09-01T22:52:59,data science,AWS
4294308298,Data & Analytics Intern,2025-09-01T22:52:59,data science,Python
4294308298,Data & Analytics Intern,2025-09-01T22:52:59,data science,Docker
4294308298,Data & Analytics Intern,2025-09-01T22:52:59,data science,SQL
4294308298,Data & Analytics Intern,2025-09-01T22:52:59,data science,SAS
4294308298,Data & Analytics Intern,2025-09-01T22:52:59,data science,BI tools
4294308298,Data & Analytics Intern,2025-09-01T22:52:59,data science,R
4294308298,Data & Analytics Intern,2025-09-01T22:52:59,data science,HQL
4294308298,Data & Analytics Intern,2025-09-01T22:52:59,data science,NoSQL
4294308298,Data & Analytics Intern,2025-09-01T22:52:59,data science,Tableau
4294308298,Data & Analytics Intern,2025-09-01T22:52:59,data science,machine learning
4294308298,Data & Analytics Intern,2025-09-01T22:52:59,data science,AI
4294308298,Data & Analytics Intern,2025-09-01T22:52:59,data science,statistical analyses
4294308298,Data & Analytics Intern,2025-09-01T22:52:59,data science,data visualization
4294308298,Data & Analytics Intern,2025-09-01T22:52:59,data science,data analysis tools
4254353402,Data Scientist (Remote),2025-06-25T08:05:00,data science,AWS
4254353402,Data Scientist (Remote),2025-06-25T08:05:00,data science,Python
4254353402,Data Scientist (Remote),2025-06-25T08:05:00,data science,Docker
4254353402,Data Scientist (Remote),2025-06-25T08:05:00,data science,Qlik
4254353402,Data Scientist (Remote),2025-06-25T08:05:00,data science,Databricks
4254353402,Data Scientist (Remote),2025-06-25T08:05:00,data science,machine learning
4254353402,Data Scientist (Remote),2025-06-25T08:05:00,data science,statistical modeling
4254353402,Data Scientist (Remote),2025-06-25T08:05:00,data science,data mining
4254353402,Data Scientist (Remote),2025-06-25T08:05:00,data science,NLP
4254353402,Data Scientist (Remote),2025-06-25T08:05:00,data science,TF-IDF
4254353402,Data Scientist (Remote),2025-06-25T08:05:00,data science,LLMs
4254353402,Data Scientist (Remote),2025-06-25T08:05:00,data science,ARIMA
4283709610,Data Analyst,2025-08-11T18:46:21,data science,Python
4283709610,Data Analyst,2025-08-11T18:46:21,data science,R
4283709610,Data Analyst,2025-08-11T18:46:21,data science,SAS
4283709610,Data Analyst,2025-08-11T18:46:21,data science,SQL
4283709610,Data Analyst,2025-08-11T18:46:21,data science,Stata
4283709610,Data Analyst,2025-08-11T18:46:21,data science,Docker
4283709610,Data Analyst,2025-08-11T18:46:21,data science,AWS
4292792293,AI/ML Engineer,2025-09-02T08:00:43,data science,AWS
4292792293,AI/ML Engineer,2025-09-02T08:00:43,data science,Python
4292792293,AI/ML Engineer,2025-09-02T08:00:43,data science,Docker
4292792293,AI/ML Engineer,2025-09-02T08:00:43,data science,APIs
4292792293,AI/ML Engineer,2025-09-02T08:00:43,data science,LLM
4292792293,AI/ML Engineer,2025-09-02T08:00:43,data science,GCP
4292792293,AI/ML Engineer,2025-09-02T08:00:43,data science,CI/CD
4292792293,AI/ML Engineer,2025-09-02T08:00:43,data science,Kafka
4292792293,AI/ML Engineer,2025-09-02T08:00:43,data science,React
4292792293,AI/ML Engineer,2025-09-02T08:00:43,data science,PostHog
4285578232,"Analyst, Digital Analytics-CNBC & MSNBC",2025-08-19T10:00:38,data science,AWS
4285578232,"Analyst, Digital Analytics-CNBC & MSNBC",2025-08-19T10:00:38,data science,Python
4285578232,"Analyst, Digital Analytics-CNBC & MSNBC",2025-08-19T10:00:38,data science,Docker
4285578232,"Analyst, Digital Analytics-CNBC & MSNBC",2025-08-19T10:00:38,data science,SQL
4285578232,"Analyst, Digital Analytics-CNBC & MSNBC",2025-08-19T10:00:38,data science,Domo
4285578232,"Analyst, Digital Analytics-CNBC & MSNBC",2025-08-19T10:00:38,data science,Tableau
4285578232,"Analyst, Digital Analytics-CNBC & MSNBC",2025-08-19T10:00:38,data science,Looker
4285578232,"Analyst, Digital Analytics-CNBC & MSNBC",2025-08-19T10:00:38,data science,Adobe Analytics
4285578232,"Analyst, Digital Analytics-CNBC & MSNBC",2025-08-19T10:00:38,data science,Google Search Console
4285578232,"Analyst, Digital Analytics-CNBC & MSNBC",2025-08-19T10:00:38,data science,comScore
4294253525,Data Analyst – Sales,2025-09-02T13:14:53,data science,Excel
4294253525,Data Analyst – Sales,2025-09-02T13:14:53,data science,VBA
4294253525,Data Analyst – Sales,2025-09-02T13:14:53,data science,Microsoft Word
4294253525,Data Analyst – Sales,2025-09-02T13:14:53,data science,Data Analysis
4294253525,Data Analyst – Sales,2025-09-02T13:14:53,data science,Data Entry
4294253525,Data Analyst – Sales,2025-09-02T13:14:53,data science,Data Modeling
4294253525,Data Analyst – Sales,2025-09-02T13:14:53,data science,Database Management
4294253525,Data Analyst – Sales,2025-09-02T13:14:53,data science,Reporting
4294253525,Data Analyst – Sales,2025-09-02T13:14:53,data science,data mining
4295042546,Data Scientist,2025-09-03T08:20:40,data science,AWS
4295042546,Data Scientist,2025-09-03T08:20:40,data science,Python
4295042546,Data Scientist,2025-09-03T08:20:40,data science,Docker
4295042546,Data Scientist,2025-09-03T08:20:40,data science,SQL
4295042546,Data Scientist,2025-09-03T08:20:40,data science,AI technologies
4295042546,Data Scientist,2025-09-03T08:20:40,data science,machine learning
4295042546,Data Scientist,2025-09-03T08:20:40,data science,data visualization
4295042546,Data Scientist,2025-09-03T08:20:40,data science,virtual machine
4295042546,Data Scientist,2025-09-03T08:20:40,data science,data warehousing
4295042546,Data Scientist,2025-09-03T08:20:40,data science,database management
4295042546,Data Scientist,2025-09-03T08:20:40,data science,statistical methods
4295042546,Data Scientist,2025-09-03T08:20:40,data science,predictive modeling
4295042546,Data Scientist,2025-09-03T08:20:40,data science,analytical tools
4283547833,Data Scientist / Senior Data Analyst,2025-08-12T09:32:48,data science,Integra
4283547833,Data Scientist / Senior Data Analyst,2025-08-12T09:32:48,data science,R
4283547833,Data Scientist / Senior Data Analyst,2025-08-12T09:32:48,data science,Python
4283547833,Data Scientist / Senior Data Analyst,2025-08-12T09:32:48,data science,SQL
4288082478,Machine Learning Engineer,2025-08-19T13:34:26,data science,Python
4288082478,Machine Learning Engineer,2025-08-19T13:34:26,data science,PyTorch
4288082478,Machine Learning Engineer,2025-08-19T13:34:26,data science,TensorFlow
4288082478,Machine Learning Engineer,2025-08-19T13:34:26,data science,JAX
4288082478,Machine Learning Engineer,2025-08-19T13:34:26,data science,PySpark
4288082478,Machine Learning Engineer,2025-08-19T13:34:26,data science,NumPy
4288082478,Machine Learning Engineer,2025-08-19T13:34:26,data science,SciPy
4288082478,Machine Learning Engineer,2025-08-19T13:34:26,data science,C++
4288082478,Machine Learning Engineer,2025-08-19T13:34:26,data science,SQL
4288082478,Machine Learning Engineer,2025-08-19T13:34:26,data science,Triton
4288082478,Machine Learning Engineer,2025-08-19T13:34:26,data science,TensorRT
4294326978,Data Center Estimator ,2025-09-02T03:16:15,data science,Excel
4294326978,Data Center Estimator ,2025-09-02T03:16:15,data science,Bluebeam
4294326978,Data Center Estimator ,2025-09-02T03:16:15,data science,Procore
4294326978,Data Center Estimator ,2025-09-02T03:16:15,data science,CAD
4294326978,Data Center Estimator ,2025-09-02T03:16:15,data science,Revit
4290946142,Sr Data Analyst,2025-08-25T11:16:30,data science,SQL
4290946142,Sr Data Analyst,2025-08-25T11:16:30,data science,Tableau
4290946142,Sr Data Analyst,2025-08-25T11:16:30,data science,Tableau Cloud
4290946142,Sr Data Analyst,2025-08-25T11:16:30,data science,Azure DevOps
4290946142,Sr Data Analyst,2025-08-25T11:16:30,data science,Python
4290946142,Sr Data Analyst,2025-08-25T11:16:30,data science,pandas
4290946142,Sr Data Analyst,2025-08-25T11:16:30,data science,SQLAlchemy
4290946142,Sr Data Analyst,2025-08-25T11:16:30,data science,matplotlib
4290946142,Sr Data Analyst,2025-08-25T11:16:30,data science,Informatica Cloud Data Integration
4290946142,Sr Data Analyst,2025-08-25T11:16:30,data science,scikit-learn
4292937624,Data Analyst,2025-08-29T09:14:14,data science,SQL
4292937624,Data Analyst,2025-08-29T09:14:14,data science,Power BI
4292937624,Data Analyst,2025-08-29T09:14:14,data science,Tableau
4294803914,Senior Data Analyst,2025-09-03T07:06:54,data science,Power BI
4294803914,Senior Data Analyst,2025-09-03T07:06:54,data science,Python
4294803914,Senior Data Analyst,2025-09-03T07:06:54,data science,pandas
4294803914,Senior Data Analyst,2025-09-03T07:06:54,data science,NumPy
4294803914,Senior Data Analyst,2025-09-03T07:06:54,data science,scikit-learn
4294803914,Senior Data Analyst,2025-09-03T07:06:54,data science,TensorFlow
4294803914,Senior Data Analyst,2025-09-03T07:06:54,data science,PyTorch
4294803914,Senior Data Analyst,2025-09-03T07:06:54,data science,SQL
4294803914,Senior Data Analyst,2025-09-03T07:06:54,data science,SQL Server
4294803914,Senior Data Analyst,2025-09-03T07:06:54,data science,Azure
4295032574,Lead AI Engineer - Python,2025-09-03T07:19:19,data science,Python
4295032574,Lead AI Engineer - Python,2025-09-03T07:19:19,data science,AWS
4295032574,Lead AI Engineer - Python,2025-09-03T07:19:19,data science,GCP
4295032574,Lead AI Engineer - Python,2025-09-03T07:19:19,data science,Azure
4295032574,Lead AI Engineer - Python,2025-09-03T07:19:19,data science,scikit-learn
4288315761,"Data Scientist, GivingTuesday",2025-08-18T15:37:39,data science,Python
4288315761,"Data Scientist, GivingTuesday",2025-08-18T15:37:39,data science,SQL
4288315761,"Data Scientist, GivingTuesday",2025-08-18T15:37:39,data science,PySpark
4288315761,"Data Scientist, GivingTuesday",2025-08-18T15:37:39,data science,Databricks
4288315761,"Data Scientist, GivingTuesday",2025-08-18T15:37:39,data science,Git
4288315761,"Data Scientist, GivingTuesday",2025-08-18T15:37:39,data science,AWS
4288315761,"Data Scientist, GivingTuesday",2025-08-18T15:37:39,data science,Docker
4288315761,"Data Scientist, GivingTuesday",2025-08-18T15:37:39,data science,GitHub
4288315761,"Data Scientist, GivingTuesday",2025-08-18T15:37:39,data science,Hugging Face
4288315761,"Data Scientist, GivingTuesday",2025-08-18T15:37:39,data science,Kaggle
4288315761,"Data Scientist, GivingTuesday",2025-08-18T15:37:39,data science,Stack Overflow
4295069359,Data Analytics Intern,2025-09-03T10:40:10,data science,Python
4295069359,Data Analytics Intern,2025-09-03T10:40:10,data science,R
4295069359,Data Analytics Intern,2025-09-03T10:40:10,data science,SQL
4295069359,Data Analytics Intern,2025-09-03T10:40:10,data science,Spotfire
4295069359,Data Analytics Intern,2025-09-03T10:40:10,data science,pandas
4295069359,Data Analytics Intern,2025-09-03T10:40:10,data science,NumPy
4295069359,Data Analytics Intern,2025-09-03T10:40:10,data science,scikit-learn
4295069359,Data Analytics Intern,2025-09-03T10:40:10,data science,machine learning
4294061688,Business Intelligence Developer,2025-09-02T06:05:00,data science,SQL
4294061688,Business Intelligence Developer,2025-09-02T06:05:00,data science,Tableau
4294061688,Business Intelligence Developer,2025-09-02T06:05:00,data science,Power BI
4294061688,Business Intelligence Developer,2025-09-02T06:05:00,data science,Crystal Reports
4294061688,Business Intelligence Developer,2025-09-02T06:05:00,data science,Unix
4294061688,Business Intelligence Developer,2025-09-02T06:05:00,data science,HTML
4294061688,Business Intelligence Developer,2025-09-02T06:05:00,data science,Java
4294061688,Business Intelligence Developer,2025-09-02T06:05:00,data science,Python
4294061688,Business Intelligence Developer,2025-09-02T06:05:00,data science,R
4294061688,Business Intelligence Developer,2025-09-02T06:05:00,data science,Epic Clarity
4294061688,Business Intelligence Developer,2025-09-02T06:05:00,data science,Epic Caboodle
4293119838,Business Data Analyst,2025-09-02T13:28:19,data science,AWS
4293119838,Business Data Analyst,2025-09-02T13:28:19,data science,Python
4293119838,Business Data Analyst,2025-09-02T13:28:19,data science,Docker
4293119838,Business Data Analyst,2025-09-02T13:28:19,data science,data modeling
4293119838,Business Data Analyst,2025-09-02T13:28:19,data science,data mapping
4293119838,Business Data Analyst,2025-09-02T13:28:19,data science,data management
4293119838,Business Data Analyst,2025-09-02T13:28:19,data science,data workflows
4293119838,Business Data Analyst,2025-09-02T13:28:19,data science,dashboards
4293119838,Business Data Analyst,2025-09-02T13:28:19,data science,data dictionaries
4293119838,Business Data Analyst,2025-09-02T13:28:19,data science,BRDs
4293119838,Business Data Analyst,2025-09-02T13:28:19,data science,Epics
4293119838,Business Data Analyst,2025-09-02T13:28:19,data science,User Stories
4293119838,Business Data Analyst,2025-09-02T13:28:19,data science,acceptance criteria
4293119838,Business Data Analyst,2025-09-02T13:28:19,data science,functional requirements
4293119838,Business Data Analyst,2025-09-02T13:28:19,data science,non-functional requirements
4293119838,Business Data Analyst,2025-09-02T13:28:19,data science,visual data models
4294861349,Commercial Data Analyst,2025-09-03T11:29:15,data science,AWS
4294861349,Commercial Data Analyst,2025-09-03T11:29:15,data science,Python
4294861349,Commercial Data Analyst,2025-09-03T11:29:15,data science,Docker
4294861349,Commercial Data Analyst,2025-09-03T11:29:15,data science,SQL
4294861349,Commercial Data Analyst,2025-09-03T11:29:15,data science,Big Query
4294861349,Commercial Data Analyst,2025-09-03T11:29:15,data science,Microsoft Excel
4294861349,Commercial Data Analyst,2025-09-03T11:29:15,data science,PowerPoint
4294258420,Marketing Data Scientist (Must know R and Marketing) ,2025-09-02T13:35:10,data science,R
4294258420,Marketing Data Scientist (Must know R and Marketing) ,2025-09-02T13:35:10,data science,Recast
4294258420,Marketing Data Scientist (Must know R and Marketing) ,2025-09-02T13:35:10,data science,Bayesian statistical modeling
4294647359,Data Analyst,2025-09-02T12:31:21,data science,AWS
4294647359,Data Analyst,2025-09-02T12:31:21,data science,Python
4294647359,Data Analyst,2025-09-02T12:31:21,data science,Docker
4294647359,Data Analyst,2025-09-02T12:31:21,data science,Tableau
4294647359,Data Analyst,2025-09-02T12:31:21,data science,SQL
4294647359,Data Analyst,2025-09-02T12:31:21,data science,MS Excel
4294647359,Data Analyst,2025-09-02T12:31:21,data science,PowerPoint
4294232377,Power BI Principal Consultant,2025-09-02T11:08:06,data science,Power BI
4294232377,Power BI Principal Consultant,2025-09-02T11:08:06,data science,DAX
4294232377,Power BI Principal Consultant,2025-09-02T11:08:06,data science,Power Query
4294232377,Power BI Principal Consultant,2025-09-02T11:08:06,data science,Power BI Developer
4294232377,Power BI Principal Consultant,2025-09-02T11:08:06,data science,Power BI Desktop
4294232377,Power BI Principal Consultant,2025-09-02T11:08:06,data science,Power BI Service
4294232377,Power BI Principal Consultant,2025-09-02T11:08:06,data science,Enterprise Power BI Solutions
4274672838,Senior Insight Data Analyst,2025-08-01T18:54:25,data science,Dynatrace
4274672838,Senior Insight Data Analyst,2025-08-01T18:54:25,data science,Catchpoint
4274672838,Senior Insight Data Analyst,2025-08-01T18:54:25,data science,GlassBox
4274672838,Senior Insight Data Analyst,2025-08-01T18:54:25,data science,Quantum Metric
4274672838,Senior Insight Data Analyst,2025-08-01T18:54:25,data science,Story
4274672838,Senior Insight Data Analyst,2025-08-01T18:54:25,data science,Blue Triangle
4274672838,Senior Insight Data Analyst,2025-08-01T18:54:25,data science,ContentSquare
4274672838,Senior Insight Data Analyst,2025-08-01T18:54:25,data science,AppDynamics
4274672838,Senior Insight Data Analyst,2025-08-01T18:54:25,data science,DataDog
4274672838,Senior Insight Data Analyst,2025-08-01T18:54:25,data science,New Relic
4274672838,Senior Insight Data Analyst,2025-08-01T18:54:25,data science,GraphQL
4274672838,Senior Insight Data Analyst,2025-08-01T18:54:25,data science,SPARQL
4274672838,Senior Insight Data Analyst,2025-08-01T18:54:25,data science,MQL
4274672838,Senior Insight Data Analyst,2025-08-01T18:54:25,data science,SQL
4274672838,Senior Insight Data Analyst,2025-08-01T18:54:25,data science,SPL
4288459939,Data Scientist,2025-08-19T11:22:22,data science,AWS
4288459939,Data Scientist,2025-08-19T11:22:22,data science,Python
4288459939,Data Scientist,2025-08-19T11:22:22,data science,Docker
4288459939,Data Scientist,2025-08-19T11:22:22,data science,machine learning
4288459939,Data Scientist,2025-08-19T11:22:22,data science,remote sensing
4288459939,Data Scientist,2025-08-19T11:22:22,data science,Google Earth Engine
4288459939,Data Scientist,2025-08-19T11:22:22,data science,pandas
4288459939,Data Scientist,2025-08-19T11:22:22,data science,scikit-learn
4288459939,Data Scientist,2025-08-19T11:22:22,data science,xarray
4288459939,Data Scientist,2025-08-19T11:22:22,data science,numpy
4288459939,Data Scientist,2025-08-19T11:22:22,data science,VMD0053
4294512490,"Machine Learning Scientist, Superintelligence",2025-09-02T20:56:15,data science,AWS
4294512490,"Machine Learning Scientist, Superintelligence",2025-09-02T20:56:15,data science,Python
4294512490,"Machine Learning Scientist, Superintelligence",2025-09-02T20:56:15,data science,Docker
4294512490,"Machine Learning Scientist, Superintelligence",2025-09-02T20:56:15,data science,RL methods
4294512490,"Machine Learning Scientist, Superintelligence",2025-09-02T20:56:15,data science,AI
4294512490,"Machine Learning Scientist, Superintelligence",2025-09-02T20:56:15,data science,Machine Learning
4294512490,"Machine Learning Scientist, Superintelligence",2025-09-02T20:56:15,data science,algorithms
4294512490,"Machine Learning Scientist, Superintelligence",2025-09-02T20:56:15,data science,distributed machine learning
4294512490,"Machine Learning Scientist, Superintelligence",2025-09-02T20:56:15,data science,scientific computing
4294512490,"Machine Learning Scientist, Superintelligence",2025-09-02T20:56:15,data science,knowledge representation
4290754609,Business Data Analyst,2025-08-28T12:06:10,data science,SQL
4290754609,Business Data Analyst,2025-08-28T12:06:10,data science,DAX
4290754609,Business Data Analyst,2025-08-28T12:06:10,data science,MS Power BI
4290754609,Business Data Analyst,2025-08-28T12:06:10,data science,Power BI
4290754609,Business Data Analyst,2025-08-28T12:06:10,data science,DAX Language
4295042803,Data Analyst,2025-09-03T08:57:34,data science,AWS
4295042803,Data Analyst,2025-09-03T08:57:34,data science,Python
4295042803,Data Analyst,2025-09-03T08:57:34,data science,Docker
4295042803,Data Analyst,2025-09-03T08:57:34,data science,PowerBI
4295042803,Data Analyst,2025-09-03T08:57:34,data science,Tableau
4295042803,Data Analyst,2025-09-03T08:57:34,data science,SQL
4295042803,Data Analyst,2025-09-03T08:57:34,data science,Oracle
4295042803,Data Analyst,2025-09-03T08:57:34,data science,R
4295042803,Data Analyst,2025-09-03T08:57:34,data science,MATLAB
4295042803,Data Analyst,2025-09-03T08:57:34,data science,Excel
4293850415,Power BI Engineer,2025-09-01T12:42:46,data science,Power BI
4293850415,Power BI Engineer,2025-09-01T12:42:46,data science,Azure Analysis Service
4293850415,Power BI Engineer,2025-09-01T12:42:46,data science,Databricks
4293850415,Power BI Engineer,2025-09-01T12:42:46,data science,ADF Pipelines
4293850415,Power BI Engineer,2025-09-01T12:42:46,data science,SQL
4293850415,Power BI Engineer,2025-09-01T12:42:46,data science,Python
4293850415,Power BI Engineer,2025-09-01T12:42:46,data science,ADF
4293850415,Power BI Engineer,2025-09-01T12:42:46,data science,Microsoft Azure
4293850415,Power BI Engineer,2025-09-01T12:42:46,data science,GIT
4293850415,Power BI Engineer,2025-09-01T12:42:46,data science,JAVA
4293850415,Power BI Engineer,2025-09-01T12:42:46,data science,Spring Boot
4293850415,Power BI Engineer,2025-09-01T12:42:46,data science,MySQL
4293850415,Power BI Engineer,2025-09-01T12:42:46,data science,CI/CD Pipelines
4293850415,Power BI Engineer,2025-09-01T12:42:46,data science,GitHub Actions
4294822418,AWS Cloud Data Scientist,2025-09-03T08:03:52,data science,AWS
4294822418,AWS Cloud Data Scientist,2025-09-03T08:03:52,data science,Python
4294822418,AWS Cloud Data Scientist,2025-09-03T08:03:52,data science,Docker
4294822418,AWS Cloud Data Scientist,2025-09-03T08:03:52,data science,SageMaker
4294822418,AWS Cloud Data Scientist,2025-09-03T08:03:52,data science,TensorFlow
4294822418,AWS Cloud Data Scientist,2025-09-03T08:03:52,data science,ETL
4294822418,AWS Cloud Data Scientist,2025-09-03T08:03:52,data science,AWS Glue
4294822418,AWS Cloud Data Scientist,2025-09-03T08:03:52,data science,Redshift
4294822418,AWS Cloud Data Scientist,2025-09-03T08:03:52,data science,Textract
4294822418,AWS Cloud Data Scientist,2025-09-03T08:03:52,data science,Lambda
4294811733,Data Scientist,2025-09-03T07:26:34,data science,Python
4294811733,Data Scientist,2025-09-03T07:26:34,data science,AWS
4294811733,Data Scientist,2025-09-03T07:26:34,data science,GCP
4294811733,Data Scientist,2025-09-03T07:26:34,data science,Azure
4294811733,Data Scientist,2025-09-03T07:26:34,data science,IBM Watson
4294811733,Data Scientist,2025-09-03T07:26:34,data science,FAISS
4294811733,Data Scientist,2025-09-03T07:26:34,data science,Pinecone
4294811733,Data Scientist,2025-09-03T07:26:34,data science,Weaviate
4294811733,Data Scientist,2025-09-03T07:26:34,data science,DeepEval
4294811733,Data Scientist,2025-09-03T07:26:34,data science,FMeval
4294811733,Data Scientist,2025-09-03T07:26:34,data science,RAGAS
4294811733,Data Scientist,2025-09-03T07:26:34,data science,Bedrock
4294811733,Data Scientist,2025-09-03T07:26:34,data science,Jenkins
4294811733,Data Scientist,2025-09-03T07:26:34,data science,GitHub Actions
4294811733,Data Scientist,2025-09-03T07:26:34,data science,Terraform
4294811733,Data Scientist,2025-09-03T07:26:34,data science,DynamoDB
4294811733,Data Scientist,2025-09-03T07:26:34,data science,TensorFlow
4294811733,Data Scientist,2025-09-03T07:26:34,data science,PyTorch
4294811733,Data Scientist,2025-09-03T07:26:34,data science,LangChain
4294811733,Data Scientist,2025-09-03T07:26:34,data science,FastAPI
4294811733,Data Scientist,2025-09-03T07:26:34,data science,Flask
4294811733,Data Scientist,2025-09-03T07:26:34,data science,Django
4294811733,Data Scientist,2025-09-03T07:26:34,data science,HDFS
4294811733,Data Scientist,2025-09-03T07:26:34,data science,Hive
4294811733,Data Scientist,2025-09-03T07:26:34,data science,Spark
4294811733,Data Scientist,2025-09-03T07:26:34,data science,Tableau
4294811733,Data Scientist,2025-09-03T07:26:34,data science,SQL
4294811733,Data Scientist,2025-09-03T07:26:34,data science,React
4294811733,Data Scientist,2025-09-03T07:26:34,data science,Angular
4294811733,Data Scientist,2025-09-03T07:26:34,data science,TypeScript
4294811733,Data Scientist,2025-09-03T07:26:34,data science,REST
4294811733,Data Scientist,2025-09-03T07:26:34,data science,GraphQL
4291958408,Business Intelligence Strategist,2025-08-27T15:29:14,data science,AWS
4291958408,Business Intelligence Strategist,2025-08-27T15:29:14,data science,Python
4291958408,Business Intelligence Strategist,2025-08-27T15:29:14,data science,R
4291958408,Business Intelligence Strategist,2025-08-27T15:29:14,data science,SQL
4291958408,Business Intelligence Strategist,2025-08-27T15:29:14,data science,Tableau
4291958408,Business Intelligence Strategist,2025-08-27T15:29:14,data science,Power BI
4291958408,Business Intelligence Strategist,2025-08-27T15:29:14,data science,Looker
4289934209,Data Analyst Intern,2025-08-22T10:01:09,data science,Power BI
4289934209,Data Analyst Intern,2025-08-22T10:01:09,data science,Excel
4289934209,Data Analyst Intern,2025-08-22T10:01:09,data science,SQL
4289934209,Data Analyst Intern,2025-08-22T10:01:09,data science,EDA
4289934209,Data Analyst Intern,2025-08-22T10:01:09,data science,Tableau
4294657850,Data Analyst Intern,2025-09-02T15:31:44,data science,SQL
4294657850,Data Analyst Intern,2025-09-02T15:31:44,data science,Tableau
4294657850,Data Analyst Intern,2025-09-02T15:31:44,data science,Power BI
4294657850,Data Analyst Intern,2025-09-02T15:31:44,data science,Python
4254871807,Data Analyst (Adobe) - Part-Time,2025-06-26T04:55:46,data science,Adobe
4254871807,Data Analyst (Adobe) - Part-Time,2025-06-26T04:55:46,data science,Adobe CJA
4254871807,Data Analyst (Adobe) - Part-Time,2025-06-26T04:55:46,data science,Adobe Analytics
4254871807,Data Analyst (Adobe) - Part-Time,2025-06-26T04:55:46,data science,Adobe Experience Cloud
4254871807,Data Analyst (Adobe) - Part-Time,2025-06-26T04:55:46,data science,Adobe Launch
4254871807,Data Analyst (Adobe) - Part-Time,2025-06-26T04:55:46,data science,SQL
4254871807,Data Analyst (Adobe) - Part-Time,2025-06-26T04:55:46,data science,JavaScript
4254871807,Data Analyst (Adobe) - Part-Time,2025-06-26T04:55:46,data science,ETL
4254871807,Data Analyst (Adobe) - Part-Time,2025-06-26T04:55:46,data science,API
4294660402,Data Analyst – Texas Locals Only (W2 Candidates - Not open for C2C),2025-09-02T14:01:52,data science,AWS
4294660402,Data Analyst – Texas Locals Only (W2 Candidates - Not open for C2C),2025-09-02T14:01:52,data science,Python
4294660402,Data Analyst – Texas Locals Only (W2 Candidates - Not open for C2C),2025-09-02T14:01:52,data science,Docker
4294660402,Data Analyst – Texas Locals Only (W2 Candidates - Not open for C2C),2025-09-02T14:01:52,data science,SQL
4294660402,Data Analyst – Texas Locals Only (W2 Candidates - Not open for C2C),2025-09-02T14:01:52,data science,Tableau
4294660402,Data Analyst – Texas Locals Only (W2 Candidates - Not open for C2C),2025-09-02T14:01:52,data science,Power BI
4294660402,Data Analyst – Texas Locals Only (W2 Candidates - Not open for C2C),2025-09-02T14:01:52,data science,MicroStrategy
4294660402,Data Analyst – Texas Locals Only (W2 Candidates - Not open for C2C),2025-09-02T14:01:52,data science,Microsoft Office Suite
4294660402,Data Analyst – Texas Locals Only (W2 Candidates - Not open for C2C),2025-09-02T14:01:52,data science,Excel
4294660402,Data Analyst – Texas Locals Only (W2 Candidates - Not open for C2C),2025-09-02T14:01:52,data science,Access
4294579857,Sampling Analyst (SAS Programmer) - Remote (US),2025-09-03T03:44:28,data science,SAS
4294579857,Sampling Analyst (SAS Programmer) - Remote (US),2025-09-03T03:44:28,data science,SQL
4291340472,Real World Data Analyst,2025-08-26T11:29:58,data science,AWS
4291340472,Real World Data Analyst,2025-08-26T11:29:58,data science,Python
4291340472,Real World Data Analyst,2025-08-26T11:29:58,data science,R
4291340472,Real World Data Analyst,2025-08-26T11:29:58,data science,SQL
4291340472,Real World Data Analyst,2025-08-26T11:29:58,data science,Snowflake
4291340472,Real World Data Analyst,2025-08-26T11:29:58,data science,Databricks
4291340472,Real World Data Analyst,2025-08-26T11:29:58,data science,Azure
4291340472,Real World Data Analyst,2025-08-26T11:29:58,data science,Tableau
4291340472,Real World Data Analyst,2025-08-26T11:29:58,data science,Power BI
4284443594,Junior AI Engineer,2025-08-13T09:29:45,data science,AWS
4284443594,Junior AI Engineer,2025-08-13T09:29:45,data science,Python
4284443594,Junior AI Engineer,2025-08-13T09:29:45,data science,Docker
4284443594,Junior AI Engineer,2025-08-13T09:29:45,data science,Power Automate
4284443594,Junior AI Engineer,2025-08-13T09:29:45,data science,Make.com
4284443594,Junior AI Engineer,2025-08-13T09:29:45,data science,Power BI
4284443594,Junior AI Engineer,2025-08-13T09:29:45,data science,SharePoint
4284443594,Junior AI Engineer,2025-08-13T09:29:45,data science,Zapier
4284443594,Junior AI Engineer,2025-08-13T09:29:45,data science,APIs
4293620791,Supply Chain Data Analyst,2025-09-03T09:40:36,data science,Excel
4293620791,Supply Chain Data Analyst,2025-09-03T09:40:36,data science,SQL
4293620791,Supply Chain Data Analyst,2025-09-03T09:40:36,data science,Tableau
4293620791,Supply Chain Data Analyst,2025-09-03T09:40:36,data science,Power BI
4287261191,Data Analyst Internship,2025-08-15T20:46:50,data science,AWS
4287261191,Data Analyst Internship,2025-08-15T20:46:50,data science,Python
4287261191,Data Analyst Internship,2025-08-15T20:46:50,data science,SQL
4287261191,Data Analyst Internship,2025-08-15T20:46:50,data science,Pandas
4287261191,Data Analyst Internship,2025-08-15T20:46:50,data science,Excel
4287261191,Data Analyst Internship,2025-08-15T20:46:50,data science,VBA
4287261191,Data Analyst Internship,2025-08-15T20:46:50,data science,Macros
4278912045,Senior Data Analyst,2025-08-01T05:46:29,data science,AWS
4278912045,Senior Data Analyst,2025-08-01T05:46:29,data science,Python
4278912045,Senior Data Analyst,2025-08-01T05:46:29,data science,Docker
4278912045,Senior Data Analyst,2025-08-01T05:46:29,data science,Microsoft Azure Cloud PaaS
4278912045,Senior Data Analyst,2025-08-01T05:46:29,data science,Cosmos DB
4278912045,Senior Data Analyst,2025-08-01T05:46:29,data science,Jenkins
4278912045,Senior Data Analyst,2025-08-01T05:46:29,data science,T-SQL
4278912045,Senior Data Analyst,2025-08-01T05:46:29,data science,Managed SQL Instance
4278912045,Senior Data Analyst,2025-08-01T05:46:29,data science,Databricks Delta Lake
4278912045,Senior Data Analyst,2025-08-01T05:46:29,data science,Big Data
4278912045,Senior Data Analyst,2025-08-01T05:46:29,data science,Delta Lake
4278912045,Senior Data Analyst,2025-08-01T05:46:29,data science,Databricks
4278912045,Senior Data Analyst,2025-08-01T05:46:29,data science,SQL DBMS
4278912045,Senior Data Analyst,2025-08-01T05:46:29,data science,Microsoft Azure platform technologies
4278912045,Senior Data Analyst,2025-08-01T05:46:29,data science,Databricks applications
4278912045,Senior Data Analyst,2025-08-01T05:46:29,data science,Event Hub
4278912045,Senior Data Analyst,2025-08-01T05:46:29,data science,Data Factory
4278912045,Senior Data Analyst,2025-08-01T05:46:29,data science,Azure SQL
4278912045,Senior Data Analyst,2025-08-01T05:46:29,data science,Synapse Analytics
4278912045,Senior Data Analyst,2025-08-01T05:46:29,data science,DeltaLake
4278912045,Senior Data Analyst,2025-08-01T05:46:29,data science,JDBC
4293726277,Data Scientist Intern,2025-08-31T22:53:13,data science,Python
4293726277,Data Scientist Intern,2025-08-31T22:53:13,data science,Git
4293726277,Data Scientist Intern,2025-08-31T22:53:13,data science,AWS
4293726277,Data Scientist Intern,2025-08-31T22:53:13,data science,Kubernetes
4293726277,Data Scientist Intern,2025-08-31T22:53:13,data science,Docker
4293726277,Data Scientist Intern,2025-08-31T22:53:13,data science,Linux
4294293909,Senior Machine Learning Engineer,2025-09-02T18:28:17,data science,Python
4294293909,Senior Machine Learning Engineer,2025-09-02T18:28:17,data science,PyTorch
4294293909,Senior Machine Learning Engineer,2025-09-02T18:28:17,data science,AWS
4294293909,Senior Machine Learning Engineer,2025-09-02T18:28:17,data science,GCP
4294293909,Senior Machine Learning Engineer,2025-09-02T18:28:17,data science,Azure
4293149361,Data Analyst,2025-09-02T19:42:59,data science,Python
4293149361,Data Analyst,2025-09-02T19:42:59,data science,Linux
4285027139,Business Intelligence Developer,2025-08-18T09:33:20,data science,AWS
4285027139,Business Intelligence Developer,2025-08-18T09:33:20,data science,Python
4285027139,Business Intelligence Developer,2025-08-18T09:33:20,data science,Docker
4285027139,Business Intelligence Developer,2025-08-18T09:33:20,data science,Power BI
4285027139,Business Intelligence Developer,2025-08-18T09:33:20,data science,SAS
4285027139,Business Intelligence Developer,2025-08-18T09:33:20,data science,Spark
4285027139,Business Intelligence Developer,2025-08-18T09:33:20,data science,SAS Enterprise Guide
4293148415,Data Research Analyst,2025-09-02T19:34:35,data science,Python
4293148415,Data Research Analyst,2025-09-02T19:34:35,data science,SQL
4293148415,Data Research Analyst,2025-09-02T19:34:35,data science,Hadoop
4293148415,Data Research Analyst,2025-09-02T19:34:35,data science,HDFS
4293148415,Data Research Analyst,2025-09-02T19:34:35,data science,Spark
4293148415,Data Research Analyst,2025-09-02T19:34:35,data science,MongoDB
4293148415,Data Research Analyst,2025-09-02T19:34:35,data science,Tableau
4293148415,Data Research Analyst,2025-09-02T19:34:35,data science,Power BI
4293148415,Data Research Analyst,2025-09-02T19:34:35,data science,Apache Flink
4293148415,Data Research Analyst,2025-09-02T19:34:35,data science,Apache Storm
4293148415,Data Research Analyst,2025-09-02T19:34:35,data science,Scala
4293858388,Data Analyst,2025-09-01T13:57:22,data science,AWS
4293858388,Data Analyst,2025-09-01T13:57:22,data science,Python
4293858388,Data Analyst,2025-09-01T13:57:22,data science,Docker
4293858388,Data Analyst,2025-09-01T13:57:22,data science,Tableau
4293858388,Data Analyst,2025-09-01T13:57:22,data science,Power BI
4293858388,Data Analyst,2025-09-01T13:57:22,data science,SQL
4293858388,Data Analyst,2025-09-01T13:57:22,data science,Excel
4283988441,Business Data Analyst Lead,2025-08-12T15:56:22,data science,SSMS
4283988441,Business Data Analyst Lead,2025-08-12T15:56:22,data science,GCP Big Query
4283988441,Business Data Analyst Lead,2025-08-12T15:56:22,data science,Tableau
4283988441,Business Data Analyst Lead,2025-08-12T15:56:22,data science,Data Warehouse SQL Server
4283988441,Business Data Analyst Lead,2025-08-12T15:56:22,data science,Google Cloud Platform
4283988441,Business Data Analyst Lead,2025-08-12T15:56:22,data science,GCP
4283988441,Business Data Analyst Lead,2025-08-12T15:56:22,data science,SQL
4283988441,Business Data Analyst Lead,2025-08-12T15:56:22,data science,Python
4213662260,Senior Data Analyst - Founding Team,2025-04-22T15:07:19,data science,SQL
4213662260,Senior Data Analyst - Founding Team,2025-04-22T15:07:19,data science,Python
4213662260,Senior Data Analyst - Founding Team,2025-04-22T15:07:19,data science,R
4213662260,Senior Data Analyst - Founding Team,2025-04-22T15:07:19,data science,ML modeling
4213662260,Senior Data Analyst - Founding Team,2025-04-22T15:07:19,data science,Tableau
4213662260,Senior Data Analyst - Founding Team,2025-04-22T15:07:19,data science,Looker
4213662260,Senior Data Analyst - Founding Team,2025-04-22T15:07:19,data science,Power BI
4213662260,Senior Data Analyst - Founding Team,2025-04-22T15:07:19,data science,Hex
4213662260,Senior Data Analyst - Founding Team,2025-04-22T15:07:19,data science,Hyperquery
4213662260,Senior Data Analyst - Founding Team,2025-04-22T15:07:19,data science,dbt
4292543248,Data Analyst,2025-08-28T10:58:26,data science,Tableau
4292543248,Data Analyst,2025-08-28T10:58:26,data science,Power BI
4292543248,Data Analyst,2025-08-28T10:58:26,data science,SQL
4292543248,Data Analyst,2025-08-28T10:58:26,data science,Snowflake
4292543248,Data Analyst,2025-08-28T10:58:26,data science,GitHub
4293141502,Marketing Insights Analyst - Marketing Research,2025-09-02T17:49:36,data science,AWS
4293141502,Marketing Insights Analyst - Marketing Research,2025-09-02T17:49:36,data science,Python
4293141502,Marketing Insights Analyst - Marketing Research,2025-09-02T17:49:36,data science,Docker
4293141502,Marketing Insights Analyst - Marketing Research,2025-09-02T17:49:36,data science,UserTesting.com
4293141502,Marketing Insights Analyst - Marketing Research,2025-09-02T17:49:36,data science,Qualtrics
4293141502,Marketing Insights Analyst - Marketing Research,2025-09-02T17:49:36,data science,Word
4293141502,Marketing Insights Analyst - Marketing Research,2025-09-02T17:49:36,data science,Excel
4293141502,Marketing Insights Analyst - Marketing Research,2025-09-02T17:49:36,data science,PPT
4293141502,Marketing Insights Analyst - Marketing Research,2025-09-02T17:49:36,data science,AI
4295060535,Microsoft BI Specialist I,2025-09-03T10:27:34,data science,Microsoft BI
4295060535,Microsoft BI Specialist I,2025-09-03T10:27:34,data science,PowerBI
4295060535,Microsoft BI Specialist I,2025-09-03T10:27:34,data science,Excel
4295060535,Microsoft BI Specialist I,2025-09-03T10:27:34,data science,Power BI Desktop
4295060535,Microsoft BI Specialist I,2025-09-03T10:27:34,data science,DAX
4295060535,Microsoft BI Specialist I,2025-09-03T10:27:34,data science,Power Query
4295060535,Microsoft BI Specialist I,2025-09-03T10:27:34,data science,M language
4282891402,Data Analyst,2025-08-14T16:06:19,data science,backbone
4282891402,Data Analyst,2025-08-14T16:06:19,data science,AWS
4282891402,Data Analyst,2025-08-14T16:06:19,data science,Python
4282891402,Data Analyst,2025-08-14T16:06:19,data science,Docker
4282891402,Data Analyst,2025-08-14T16:06:19,data science,Snowflake
4282891402,Data Analyst,2025-08-14T16:06:19,data science,SQL
4282891402,Data Analyst,2025-08-14T16:06:19,data science,Metabase
4282891402,Data Analyst,2025-08-14T16:06:19,data science,Looker
4282891402,Data Analyst,2025-08-14T16:06:19,data science,Sigma
4282891402,Data Analyst,2025-08-14T16:06:19,data science,Tableau
4282891402,Data Analyst,2025-08-14T16:06:19,data science,dbt
4282891402,Data Analyst,2025-08-14T16:06:19,data science,ChatGPT
4282891402,Data Analyst,2025-08-14T16:06:19,data science,NotionAI
4294657147,Data Analyst (Tableau & Power BI),2025-09-02T13:10:16,data science,Tableau
4294657147,Data Analyst (Tableau & Power BI),2025-09-02T13:10:16,data science,Power BI
4294657147,Data Analyst (Tableau & Power BI),2025-09-02T13:10:16,data science,SQL
4283575946,Senior Data Analyst,2025-08-12T13:40:26,data science,SQL
4283575946,Senior Data Analyst,2025-08-12T13:40:26,data science,Python
4283575946,Senior Data Analyst,2025-08-12T13:40:26,data science,Looker
4283575946,Senior Data Analyst,2025-08-12T13:40:26,data science,Sigma
4283575946,Senior Data Analyst,2025-08-12T13:40:26,data science,R
4283575946,Senior Data Analyst,2025-08-12T13:40:26,data science,dbt
4283575946,Senior Data Analyst,2025-08-12T13:40:26,data science,Excel
4292699672,Data Analyst Intern,2025-08-29T10:37:04,data science,Python
4292699672,Data Analyst Intern,2025-08-29T10:37:04,data science,pandas
4292699672,Data Analyst Intern,2025-08-29T10:37:04,data science,ReportLab
4292699672,Data Analyst Intern,2025-08-29T10:37:04,data science,R
4292699672,Data Analyst Intern,2025-08-29T10:37:04,data science,SQL
4292699672,Data Analyst Intern,2025-08-29T10:37:04,data science,MS Teams
4292477481,Insights and Data Analyst,2025-08-28T21:03:44,data science,AWS
4292477481,Insights and Data Analyst,2025-08-28T21:03:44,data science,Python
4292477481,Insights and Data Analyst,2025-08-28T21:03:44,data science,Docker
4292477481,Insights and Data Analyst,2025-08-28T21:03:44,data science,Google Analytics
4292477481,Insights and Data Analyst,2025-08-28T21:03:44,data science,Meta Business Suite
4292477481,Insights and Data Analyst,2025-08-28T21:03:44,data science,TikTok Analytics
4292477481,Insights and Data Analyst,2025-08-28T21:03:44,data science,Excel
4292477481,Insights and Data Analyst,2025-08-28T21:03:44,data science,Google Sheets
4292477481,Insights and Data Analyst,2025-08-28T21:03:44,data science,Sprinklr
4292477481,Insights and Data Analyst,2025-08-28T21:03:44,data science,Sprout
4292477481,Insights and Data Analyst,2025-08-28T21:03:44,data science,GWI
4292477481,Insights and Data Analyst,2025-08-28T21:03:44,data science,Helixa
4294824568,Machine Learning Scientist ,2025-09-03T09:27:53,data science,Python
4294824568,Machine Learning Scientist ,2025-09-03T09:27:53,data science,R
4294824568,Machine Learning Scientist ,2025-09-03T09:27:53,data science,AWS
4294824568,Machine Learning Scientist ,2025-09-03T09:27:53,data science,ML frameworks
4291615860,Open Meta Data Analyst,2025-08-26T10:26:12,data science,Open Metadata
4291615860,Open Meta Data Analyst,2025-08-26T10:26:12,data science,Collate AI Platform
4291615860,Open Meta Data Analyst,2025-08-26T10:26:12,data science,Airflow
4291615860,Open Meta Data Analyst,2025-08-26T10:26:12,data science,Snowflake
4295028885,Sr. Data Scientist,2025-09-03T07:18:40,data science,AWS
4295028885,Sr. Data Scientist,2025-09-03T07:18:40,data science,Python
4295028885,Sr. Data Scientist,2025-09-03T07:18:40,data science,Docker
4295028885,Sr. Data Scientist,2025-09-03T07:18:40,data science,SQL
4295028885,Sr. Data Scientist,2025-09-03T07:18:40,data science,R
4295028885,Sr. Data Scientist,2025-09-03T07:18:40,data science,SAS
4295028885,Sr. Data Scientist,2025-09-03T07:18:40,data science,Stata
4295028885,Sr. Data Scientist,2025-09-03T07:18:40,data science,data analytics
4295028885,Sr. Data Scientist,2025-09-03T07:18:40,data science,statistical modeling
4295028885,Sr. Data Scientist,2025-09-03T07:18:40,data science,predictive analytics
4295028885,Sr. Data Scientist,2025-09-03T07:18:40,data science,data science
4295028885,Sr. Data Scientist,2025-09-03T07:18:40,data science,healthcare analytics
4295051659,Regulatory Data Analyst,2025-09-03T09:48:33,data science,Oracle
4295051659,Regulatory Data Analyst,2025-09-03T09:48:33,data science,SQL
4295051659,Regulatory Data Analyst,2025-09-03T09:48:33,data science,Excel
4295051659,Regulatory Data Analyst,2025-09-03T09:48:33,data science,Qlik
4295051659,Regulatory Data Analyst,2025-09-03T09:48:33,data science,Tableau
4295051659,Regulatory Data Analyst,2025-09-03T09:48:33,data science,Power BI
4295051659,Regulatory Data Analyst,2025-09-03T09:48:33,data science,R
4295051659,Regulatory Data Analyst,2025-09-03T09:48:33,data science,Python
4295051659,Regulatory Data Analyst,2025-09-03T09:48:33,data science,TensorFlow
4295051659,Regulatory Data Analyst,2025-09-03T09:48:33,data science,PyTorch
4295051659,Regulatory Data Analyst,2025-09-03T09:48:33,data science,ETL
4293789910,Lead Data Scientist,2025-09-01T06:30:30,data science,AWS
4293789910,Lead Data Scientist,2025-09-01T06:30:30,data science,Python
4293789910,Lead Data Scientist,2025-09-01T06:30:30,data science,Docker
4293789910,Lead Data Scientist,2025-09-01T06:30:30,data science,SQL
4293789910,Lead Data Scientist,2025-09-01T06:30:30,data science,pandas
4293789910,Lead Data Scientist,2025-09-01T06:30:30,data science,LangGraph
4293789910,Lead Data Scientist,2025-09-01T06:30:30,data science,ReAct
4293789910,Lead Data Scientist,2025-09-01T06:30:30,data science,CoT loops
4293789910,Lead Data Scientist,2025-09-01T06:30:30,data science,TensorFlow
4293789910,Lead Data Scientist,2025-09-01T06:30:30,data science,PyTorch
4293789910,Lead Data Scientist,2025-09-01T06:30:30,data science,RAG
4293789910,Lead Data Scientist,2025-09-01T06:30:30,data science,LangChain
4293789910,Lead Data Scientist,2025-09-01T06:30:30,data science,AI Orchestration
4284282834,Jr. Insights & Analytics Consultant,2025-08-13T14:29:29,data science,AWS
4284282834,Jr. Insights & Analytics Consultant,2025-08-13T14:29:29,data science,Python
4284282834,Jr. Insights & Analytics Consultant,2025-08-13T14:29:29,data science,Docker
4284282834,Jr. Insights & Analytics Consultant,2025-08-13T14:29:29,data science,Google Suite
4284282834,Jr. Insights & Analytics Consultant,2025-08-13T14:29:29,data science,Excel
4284282834,Jr. Insights & Analytics Consultant,2025-08-13T14:29:29,data science,PowerPoint
4284282834,Jr. Insights & Analytics Consultant,2025-08-13T14:29:29,data science,ChatGPT
4294965252,Data Analyst IV,2025-09-02T23:38:23,data science,AWS
4294965252,Data Analyst IV,2025-09-02T23:38:23,data science,Python
4294965252,Data Analyst IV,2025-09-02T23:38:23,data science,Docker
4294965252,Data Analyst IV,2025-09-02T23:38:23,data science,SQL
4294965252,Data Analyst IV,2025-09-02T23:38:23,data science,dbt
4294965252,Data Analyst IV,2025-09-02T23:38:23,data science,Informatica
4294965252,Data Analyst IV,2025-09-02T23:38:23,data science,AWS Glue
4294965252,Data Analyst IV,2025-09-02T23:38:23,data science,ML
4294965252,Data Analyst IV,2025-09-02T23:38:23,data science,data vault
4294873217,AWS Cloud Data Scientist,2025-09-03T12:04:59,data science,AWS
4294873217,AWS Cloud Data Scientist,2025-09-03T12:04:59,data science,Python
4294873217,AWS Cloud Data Scientist,2025-09-03T12:04:59,data science,Docker
4294873217,AWS Cloud Data Scientist,2025-09-03T12:04:59,data science,SageMaker
4294873217,AWS Cloud Data Scientist,2025-09-03T12:04:59,data science,TensorFlow
4294873217,AWS Cloud Data Scientist,2025-09-03T12:04:59,data science,AWS Glue
4294873217,AWS Cloud Data Scientist,2025-09-03T12:04:59,data science,Redshift
4294873217,AWS Cloud Data Scientist,2025-09-03T12:04:59,data science,Textract
4294873217,AWS Cloud Data Scientist,2025-09-03T12:04:59,data science,Lambda
4294831100,Data Analyst,2025-09-03T09:31:45,data science,SQL
4294831100,Data Analyst,2025-09-03T09:31:45,data science,Python
4294831100,Data Analyst,2025-09-03T09:31:45,data science,R
4267416468,"Analyst, Strategy",2025-07-17T17:41:18,data science,AWS
4267416468,"Analyst, Strategy",2025-07-17T17:41:18,data science,Python
4267416468,"Analyst, Strategy",2025-07-17T17:41:18,data science,Docker
4295084390,Data Analyst,2025-09-03T11:18:22,data science,There are no technical tools
4295084390,Data Analyst,2025-09-03T11:18:22,data science,programming languages
4295084390,Data Analyst,2025-09-03T11:18:22,data science,or software mentioned in the provided list.
4294802887,Enterprise Data Warehouse Sr Data Analyst,2025-09-03T06:31:18,data science,SQL
4294802887,Enterprise Data Warehouse Sr Data Analyst,2025-09-03T06:31:18,data science,Tableau
4294802887,Enterprise Data Warehouse Sr Data Analyst,2025-09-03T06:31:18,data science,Power BI
4294802887,Enterprise Data Warehouse Sr Data Analyst,2025-09-03T06:31:18,data science,Docker
4294802887,Enterprise Data Warehouse Sr Data Analyst,2025-09-03T06:31:18,data science,AWS
4293109609,Data Analyst Intern,2025-09-02T11:34:30,data science,SQL
4293109609,Data Analyst Intern,2025-09-02T11:34:30,data science,Tableau
4293109609,Data Analyst Intern,2025-09-02T11:34:30,data science,Power BI
4293109609,Data Analyst Intern,2025-09-02T11:34:30,data science,Python
4291561280,"Data Analyst (Remote, US-based)",2025-08-27T00:55:55,data science,SQL
4291561280,"Data Analyst (Remote, US-based)",2025-08-27T00:55:55,data science,Metabase
4291561280,"Data Analyst (Remote, US-based)",2025-08-27T00:55:55,data science,Google Sheets
4291561280,"Data Analyst (Remote, US-based)",2025-08-27T00:55:55,data science,BigQuery
4291561280,"Data Analyst (Remote, US-based)",2025-08-27T00:55:55,data science,Python
4291561280,"Data Analyst (Remote, US-based)",2025-08-27T00:55:55,data science,R
4291561280,"Data Analyst (Remote, US-based)",2025-08-27T00:55:55,data science,GCP
4295075940,Data Scientist for SEO,2025-09-03T11:19:36,data science,Python
4295075940,Data Scientist for SEO,2025-09-03T11:19:36,data science,SQL
4295075940,Data Scientist for SEO,2025-09-03T11:19:36,data science,Looker
4295075940,Data Scientist for SEO,2025-09-03T11:19:36,data science,Power BI
4295075940,Data Scientist for SEO,2025-09-03T11:19:36,data science,web scraping
4295075940,Data Scientist for SEO,2025-09-03T11:19:36,data science,APIs
4295075940,Data Scientist for SEO,2025-09-03T11:19:36,data science,Google Search Console
4295075940,Data Scientist for SEO,2025-09-03T11:19:36,data science,GA4
4294853995,"Software Engineer, Python AI / ML",2025-09-03T11:18:45,data science,Python
4294853995,"Software Engineer, Python AI / ML",2025-09-03T11:18:45,data science,AWS
4294853995,"Software Engineer, Python AI / ML",2025-09-03T11:18:45,data science,FastAPI
4294853995,"Software Engineer, Python AI / ML",2025-09-03T11:18:45,data science,React
4294853995,"Software Engineer, Python AI / ML",2025-09-03T11:18:45,data science,TypeScript
4273045820,Machine Learning Engineering Intern,2025-07-27T18:42:55,data science,Pytorch
4273045820,Machine Learning Engineering Intern,2025-07-27T18:42:55,data science,Tensorflow
4273045820,Machine Learning Engineering Intern,2025-07-27T18:42:55,data science,JAX
4273045820,Machine Learning Engineering Intern,2025-07-27T18:42:55,data science,TypeScript
4273045820,Machine Learning Engineering Intern,2025-07-27T18:42:55,data science,Python
4273045820,Machine Learning Engineering Intern,2025-07-27T18:42:55,data science,Docker
4273045820,Machine Learning Engineering Intern,2025-07-27T18:42:55,data science,Kubernetes
4273045820,Machine Learning Engineering Intern,2025-07-27T18:42:55,data science,Linux
4294096745,SAP Data Entry,2025-09-02T07:58:20,data science,SAP
4294096745,SAP Data Entry,2025-09-02T07:58:20,data science,Microsoft Office Suite
4294096745,SAP Data Entry,2025-09-02T07:58:20,data science,Word
4294601794,Principal Data Scientist - Pricing & Bayesian,2025-09-02T09:57:41,data science,AWS
4294601794,Principal Data Scientist - Pricing & Bayesian,2025-09-02T09:57:41,data science,Python
4294601794,Principal Data Scientist - Pricing & Bayesian,2025-09-02T09:57:41,data science,SQL
4294601794,Principal Data Scientist - Pricing & Bayesian,2025-09-02T09:57:41,data science,PyTorch
4294601794,Principal Data Scientist - Pricing & Bayesian,2025-09-02T09:57:41,data science,TensorFlow
4294601794,Principal Data Scientist - Pricing & Bayesian,2025-09-02T09:57:41,data science,scikit-learn
4294623267,"Senior Data Scientist, (Full Stack ML & Analytics)",2025-09-02T11:07:50,data science,Snowflake
4294623267,"Senior Data Scientist, (Full Stack ML & Analytics)",2025-09-02T11:07:50,data science,Sigma
4294623267,"Senior Data Scientist, (Full Stack ML & Analytics)",2025-09-02T11:07:50,data science,Mixpanel
4294623267,"Senior Data Scientist, (Full Stack ML & Analytics)",2025-09-02T11:07:50,data science,Google Analytics
4294623267,"Senior Data Scientist, (Full Stack ML & Analytics)",2025-09-02T11:07:50,data science,SQL
4294623267,"Senior Data Scientist, (Full Stack ML & Analytics)",2025-09-02T11:07:50,data science,Python
4294623267,"Senior Data Scientist, (Full Stack ML & Analytics)",2025-09-02T11:07:50,data science,MLOps
4294659290,"Sr. Analyst, Strategy & Analytics - Hybrid",2025-09-02T13:42:28,data science,AWS
4294659290,"Sr. Analyst, Strategy & Analytics - Hybrid",2025-09-02T13:42:28,data science,Python
4294659290,"Sr. Analyst, Strategy & Analytics - Hybrid",2025-09-02T13:42:28,data science,Docker
4294659290,"Sr. Analyst, Strategy & Analytics - Hybrid",2025-09-02T13:42:28,data science,SQL
4294659290,"Sr. Analyst, Strategy & Analytics - Hybrid",2025-09-02T13:42:28,data science,Tableau
4288442922,Data Entry Specialist,2025-08-19T10:30:44,data science,AWS
4288442922,Data Entry Specialist,2025-08-19T10:30:44,data science,Python
4288442922,Data Entry Specialist,2025-08-19T10:30:44,data science,Docker
4288442922,Data Entry Specialist,2025-08-19T10:30:44,data science,Stripe Connect
4289492959,Data Assistant (3 Month Contract),2025-08-22T08:04:49,data science,AWS
4289492959,Data Assistant (3 Month Contract),2025-08-22T08:04:49,data science,Python
4289492959,Data Assistant (3 Month Contract),2025-08-22T08:04:49,data science,Docker
4289492959,Data Assistant (3 Month Contract),2025-08-22T08:04:49,data science,Basic SQL
4289492959,Data Assistant (3 Month Contract),2025-08-22T08:04:49,data science,Jupyter notebooks
4293612808,Data Scientist-Credit Risk,2025-09-03T08:50:48,data science,Python
4293612808,Data Scientist-Credit Risk,2025-09-03T08:50:48,data science,pandas
4293612808,Data Scientist-Credit Risk,2025-09-03T08:50:48,data science,NumPy
4293612808,Data Scientist-Credit Risk,2025-09-03T08:50:48,data science,scikit-learn
4293612808,Data Scientist-Credit Risk,2025-09-03T08:50:48,data science,SQL
4293612808,Data Scientist-Credit Risk,2025-09-03T08:50:48,data science,Power BI
b3816ec0fb61a4db,"Team Leader, Data Science & Professional Services",2025-09-03T00:00:00,data science,Power BI
b3816ec0fb61a4db,"Team Leader, Data Science & Professional Services",2025-09-03T00:00:00,data science,R
b3816ec0fb61a4db,"Team Leader, Data Science & Professional Services",2025-09-03T00:00:00,data science,QlikView
b3816ec0fb61a4db,"Team Leader, Data Science & Professional Services",2025-09-03T00:00:00,data science,SQL
b3816ec0fb61a4db,"Team Leader, Data Science & Professional Services",2025-09-03T00:00:00,data science,Stata
b3816ec0fb61a4db,"Team Leader, Data Science & Professional Services",2025-09-03T00:00:00,data science,Smartsheet
b3816ec0fb61a4db,"Team Leader, Data Science & Professional Services",2025-09-03T00:00:00,data science,Redshift
b3816ec0fb61a4db,"Team Leader, Data Science & Professional Services",2025-09-03T00:00:00,data science,Python
b3816ec0fb61a4db,"Team Leader, Data Science & Professional Services",2025-09-03T00:00:00,data science,Data Science
72a1dafbdf963944,Network Planner,2025-09-03T00:00:00,data science,Machine learning
72a1dafbdf963944,Network Planner,2025-09-03T00:00:00,data science,Data analytics
72a1dafbdf963944,Network Planner,2025-09-03T00:00:00,data science,Data science
72a1dafbdf963944,Network Planner,2025-09-03T00:00:00,data science,Simulation systems
d70cb7ad5b65311b,Commerce Analytics Lead- Retail Media,2025-09-03T00:00:00,data science,Power BI
d70cb7ad5b65311b,Commerce Analytics Lead- Retail Media,2025-09-03T00:00:00,data science,SQL
d70cb7ad5b65311b,Commerce Analytics Lead- Retail Media,2025-09-03T00:00:00,data science,Python
10acbd416b6f1fbd,TDA – F&N – F&N Data Analyst III (57450) (Internal Posting – Open to Current TDA Employees Only – 5 Day Posting),2025-09-03T00:00:00,data science,Microsoft Excel
10acbd416b6f1fbd,TDA – F&N – F&N Data Analyst III (57450) (Internal Posting – Open to Current TDA Employees Only – 5 Day Posting),2025-09-03T00:00:00,data science,SQL
10acbd416b6f1fbd,TDA – F&N – F&N Data Analyst III (57450) (Internal Posting – Open to Current TDA Employees Only – 5 Day Posting),2025-09-03T00:00:00,data science,Data mining
10acbd416b6f1fbd,TDA – F&N – F&N Data Analyst III (57450) (Internal Posting – Open to Current TDA Employees Only – 5 Day Posting),2025-09-03T00:00:00,data science,Data reporting
10acbd416b6f1fbd,TDA – F&N – F&N Data Analyst III (57450) (Internal Posting – Open to Current TDA Employees Only – 5 Day Posting),2025-09-03T00:00:00,data science,Database design
10acbd416b6f1fbd,TDA – F&N – F&N Data Analyst III (57450) (Internal Posting – Open to Current TDA Employees Only – 5 Day Posting),2025-09-03T00:00:00,data science,Data quality monitoring
10acbd416b6f1fbd,TDA – F&N – F&N Data Analyst III (57450) (Internal Posting – Open to Current TDA Employees Only – 5 Day Posting),2025-09-03T00:00:00,data science,Data validation
10acbd416b6f1fbd,TDA – F&N – F&N Data Analyst III (57450) (Internal Posting – Open to Current TDA Employees Only – 5 Day Posting),2025-09-03T00:00:00,data science,Data extraction
10acbd416b6f1fbd,TDA – F&N – F&N Data Analyst III (57450) (Internal Posting – Open to Current TDA Employees Only – 5 Day Posting),2025-09-03T00:00:00,data science,Data Science
10acbd416b6f1fbd,TDA – F&N – F&N Data Analyst III (57450) (Internal Posting – Open to Current TDA Employees Only – 5 Day Posting),2025-09-03T00:00:00,data science,Smartsheet
10acbd416b6f1fbd,TDA – F&N – F&N Data Analyst III (57450) (Internal Posting – Open to Current TDA Employees Only – 5 Day Posting),2025-09-03T00:00:00,data science,Excel data analysis
b39bc141972522cc,Technical AI & Business Intelligence Specialist,2025-09-03T00:00:00,data science,Power BI
b39bc141972522cc,Technical AI & Business Intelligence Specialist,2025-09-03T00:00:00,data science,Azure
b39bc141972522cc,Technical AI & Business Intelligence Specialist,2025-09-03T00:00:00,data science,Machine learning
b39bc141972522cc,Technical AI & Business Intelligence Specialist,2025-09-03T00:00:00,data science,Google Cloud Platform
b39bc141972522cc,Technical AI & Business Intelligence Specialist,2025-09-03T00:00:00,data science,SQL
b39bc141972522cc,Technical AI & Business Intelligence Specialist,2025-09-03T00:00:00,data science,AWS
b39bc141972522cc,Technical AI & Business Intelligence Specialist,2025-09-03T00:00:00,data science,JavaScript
b39bc141972522cc,Technical AI & Business Intelligence Specialist,2025-09-03T00:00:00,data science,JSON
b39bc141972522cc,Technical AI & Business Intelligence Specialist,2025-09-03T00:00:00,data science,Python
0b7b864427330dd3,Post-Doctoral Research Associate-Agricultural Data Analytics,2025-09-03T00:00:00,data science,Python
0b7b864427330dd3,Post-Doctoral Research Associate-Agricultural Data Analytics,2025-09-03T00:00:00,data science,AWS
0b7b864427330dd3,Post-Doctoral Research Associate-Agricultural Data Analytics,2025-09-03T00:00:00,data science,Docker
0b7b864427330dd3,Post-Doctoral Research Associate-Agricultural Data Analytics,2025-09-03T00:00:00,data science,AI
0b7b864427330dd3,Post-Doctoral Research Associate-Agricultural Data Analytics,2025-09-03T00:00:00,data science,Big data systems
0b7b864427330dd3,Post-Doctoral Research Associate-Agricultural Data Analytics,2025-09-03T00:00:00,data science,Cloud-based systems
0b7b864427330dd3,Post-Doctoral Research Associate-Agricultural Data Analytics,2025-09-03T00:00:00,data science,Data visualization
0b7b864427330dd3,Post-Doctoral Research Associate-Agricultural Data Analytics,2025-09-03T00:00:00,data science,Implementing machine learning algorithms
9e39feaf36827c8c,Data Analyst - Grant Funded,2025-09-02T00:00:00,data science,AWS
9e39feaf36827c8c,Data Analyst - Grant Funded,2025-09-02T00:00:00,data science,Python
9e39feaf36827c8c,Data Analyst - Grant Funded,2025-09-02T00:00:00,data science,Docker
9e39feaf36827c8c,Data Analyst - Grant Funded,2025-09-02T00:00:00,data science,Data analytics
9e39feaf36827c8c,Data Analyst - Grant Funded,2025-09-02T00:00:00,data science,Data Science
c3e50416a02a46b2,"Associate Director, Genomics Data Platform",2025-09-03T00:00:00,data science,Amazon EC2
c3e50416a02a46b2,"Associate Director, Genomics Data Platform",2025-09-03T00:00:00,data science,Amazon SageMaker
c3e50416a02a46b2,"Associate Director, Genomics Data Platform",2025-09-03T00:00:00,data science,Bash
c3e50416a02a46b2,"Associate Director, Genomics Data Platform",2025-09-03T00:00:00,data science,Docker
c3e50416a02a46b2,"Associate Director, Genomics Data Platform",2025-09-03T00:00:00,data science,AWS Glue
c3e50416a02a46b2,"Associate Director, Genomics Data Platform",2025-09-03T00:00:00,data science,Terraform
c3e50416a02a46b2,"Associate Director, Genomics Data Platform",2025-09-03T00:00:00,data science,S3
c3e50416a02a46b2,"Associate Director, Genomics Data Platform",2025-09-03T00:00:00,data science,Linux
c3e50416a02a46b2,"Associate Director, Genomics Data Platform",2025-09-03T00:00:00,data science,RDS database
c3e50416a02a46b2,"Associate Director, Genomics Data Platform",2025-09-03T00:00:00,data science,Python
c3e50416a02a46b2,"Associate Director, Genomics Data Platform",2025-09-03T00:00:00,data science,AWS CloudFormation
c3e50416a02a46b2,"Associate Director, Genomics Data Platform",2025-09-03T00:00:00,data science,AWS Lambda
67c6a58194c12b23,Sr. AI/ML Engineer,2025-09-03T00:00:00,data science,TensorFlow
67c6a58194c12b23,Sr. AI/ML Engineer,2025-09-03T00:00:00,data science,Azure
67c6a58194c12b23,Sr. AI/ML Engineer,2025-09-03T00:00:00,data science,PyTorch
67c6a58194c12b23,Sr. AI/ML Engineer,2025-09-03T00:00:00,data science,Google Cloud Platform
67c6a58194c12b23,Sr. AI/ML Engineer,2025-09-03T00:00:00,data science,AWS
67c6a58194c12b23,Sr. AI/ML Engineer,2025-09-03T00:00:00,data science,Machine learning libraries
67c6a58194c12b23,Sr. AI/ML Engineer,2025-09-03T00:00:00,data science,Machine learning frameworks
67c6a58194c12b23,Sr. AI/ML Engineer,2025-09-03T00:00:00,data science,MLOps
ec50735856e12455,Sr. AI Governance Specialist,2025-09-03T00:00:00,data science,AWS
ec50735856e12455,Sr. AI Governance Specialist,2025-09-03T00:00:00,data science,Python
ec50735856e12455,Sr. AI Governance Specialist,2025-09-03T00:00:00,data science,Docker
ec50735856e12455,Sr. AI Governance Specialist,2025-09-03T00:00:00,data science,Salesforce
ec50735856e12455,Sr. AI Governance Specialist,2025-09-03T00:00:00,data science,MLOps
ec50735856e12455,Sr. AI Governance Specialist,2025-09-03T00:00:00,data science,AI
e2418e4179dbc377,Sr. AI Platform Engineer,2025-09-03T00:00:00,data science,Azure
e2418e4179dbc377,Sr. AI Platform Engineer,2025-09-03T00:00:00,data science,Go
e2418e4179dbc377,Sr. AI Platform Engineer,2025-09-03T00:00:00,data science,Salesforce
e2418e4179dbc377,Sr. AI Platform Engineer,2025-09-03T00:00:00,data science,Java
e2418e4179dbc377,Sr. AI Platform Engineer,2025-09-03T00:00:00,data science,Microservices
e2418e4179dbc377,Sr. AI Platform Engineer,2025-09-03T00:00:00,data science,AWS
e2418e4179dbc377,Sr. AI Platform Engineer,2025-09-03T00:00:00,data science,Docker
e2418e4179dbc377,Sr. AI Platform Engineer,2025-09-03T00:00:00,data science,SDKs
e2418e4179dbc377,Sr. AI Platform Engineer,2025-09-03T00:00:00,data science,Prometheus
e2418e4179dbc377,Sr. AI Platform Engineer,2025-09-03T00:00:00,data science,Grafana
e2418e4179dbc377,Sr. AI Platform Engineer,2025-09-03T00:00:00,data science,Python
e2418e4179dbc377,Sr. AI Platform Engineer,2025-09-03T00:00:00,data science,MLOps
e2418e4179dbc377,Sr. AI Platform Engineer,2025-09-03T00:00:00,data science,ChatGPT
e2418e4179dbc377,Sr. AI Platform Engineer,2025-09-03T00:00:00,data science,Generative AI
d5d234559b37b109,Sr. Data Scientist,2025-09-03T00:00:00,data science,TensorFlow
d5d234559b37b109,Sr. Data Scientist,2025-09-03T00:00:00,data science,Azure
d5d234559b37b109,Sr. Data Scientist,2025-09-03T00:00:00,data science,PyTorch
d5d234559b37b109,Sr. Data Scientist,2025-09-03T00:00:00,data science,Salesforce
d5d234559b37b109,Sr. Data Scientist,2025-09-03T00:00:00,data science,Spark
d5d234559b37b109,Sr. Data Scientist,2025-09-03T00:00:00,data science,Google Cloud Platform
d5d234559b37b109,Sr. Data Scientist,2025-09-03T00:00:00,data science,SQL
d5d234559b37b109,Sr. Data Scientist,2025-09-03T00:00:00,data science,Pandas
d5d234559b37b109,Sr. Data Scientist,2025-09-03T00:00:00,data science,AWS
d5d234559b37b109,Sr. Data Scientist,2025-09-03T00:00:00,data science,MLOps
d5d234559b37b109,Sr. Data Scientist,2025-09-03T00:00:00,data science,Machine learning libraries
d5d234559b37b109,Sr. Data Scientist,2025-09-03T00:00:00,data science,Machine learning frameworks
d5d234559b37b109,Sr. Data Scientist,2025-09-03T00:00:00,data science,Generative AI
d650208e2f6f3723,Sr. Data Scientist,2025-09-03T00:00:00,data science,Amazon SageMaker
d650208e2f6f3723,Sr. Data Scientist,2025-09-03T00:00:00,data science,UNIX
